Feature,Feature type,Test / method,P-value,p_fdr_bh,Effect,Odds Ratio,Domain,neglog10p,Is time-at-risk,p_fdr_within_domain
3-vessel disease,binary,Chi-square,0.0001807138876244862,0.002060138318919143,0.052002690959526386,2.168523206751055,Anatomy / lesion,3.7430084711970886,False,0.004156419415363182
NO.of vessels,continuous,Welch t-test,0.0004766856673643825,0.0014300570020931475,0.38787576599932666,,Anatomy / lesion,3.3217679059251437,False,0.005481885174690398
Multi-vessel CAD,binary,Chi-square,0.006160274021242302,0.03511356192108112,0.03803974930657197,1.889548041513224,Anatomy / lesion,2.210399969123463,False,0.035421575622143237
Single-vessel disease,binary,Chi-square,0.006160274021242302,0.03511356192108112,-0.03803974930657197,0.5292270839534521,Anatomy / lesion,2.210399969123463,False,0.035421575622143237
TIMI-0,binary,Chi-square,0.016884411481108683,0.07403165034024575,0.03318034359973481,1.6507382329430573,Anatomy / lesion,1.7725140724263395,False,0.07766829281309993
Pre-TIMI flow-3,binary,Chi-square,0.02182609526343254,0.08886338785826106,-0.03184943834072057,0.6192230408573343,Anatomy / lesion,1.661023953582073,False,0.08366669850982474
Bifurcation,binary,Chi-square,0.06893784593319656,0.2183031787884558,0.025259048326055276,1.6322920021470746,Anatomy / lesion,1.1615422909011168,False,0.2265100652090744
Vessel dialation,binary,Fisher exact,0.2816797041351217,0.6422297254280775,0.013128245290585537,1.9633528265107212,Anatomy / lesion,0.550244444102852,False,0.809829149388475
Aneurysm,binary,Fisher exact,0.3950441849044032,0.8041970906982493,0.010030342109727445,2.061864061864062,Anatomy / lesion,0.40335432668496896,False,1.0
2-vessel disease,binary,Chi-square,0.46367548543563186,0.8809834223277005,-0.010176908638922465,0.8411616041199752,Anatomy / lesion,0.3337858646853216,False,1.0
Ulceration,binary,Fisher exact,0.5038135388096225,0.9263668294241446,0.005207832049074493,1.4618276460381723,Anatomy / lesion,0.2977301660334068,False,1.0
P-LM,binary,Fisher exact,0.7101289645075537,1.0,0.0014202051765245254,1.0765911542610571,Anatomy / lesion,0.148662773128946,False,1.0
P-RCA,binary,Chi-square,0.7437283460384675,1.0,0.004540118554885847,1.0748766528517861,Anatomy / lesion,0.1285856657446137,False,1.0
P-LCX,binary,Chi-square,0.7591727489367808,1.0,0.0042574685092587085,1.0866590822904816,Anatomy / lesion,0.11965938962026891,False,1.0
P-LAD,binary,Chi-square,0.7644927543550093,1.0,-0.0041605192242959,0.9389096031154197,Anatomy / lesion,0.11662662635179086,False,1.0
TIMI-1,binary,Fisher exact,0.7837747666510047,1.0,0.002857938008398706,1.1120454545454546,Anatomy / lesion,0.10580872258875636,False,1.0
Visual thrombus,binary,Chi-square,0.8406285259031926,1.0,-0.00279264155882293,0.9343371494939439,Anatomy / lesion,0.07539587672393501,False,1.0
Proximal,binary,Chi-square,0.9788762756724867,1.0,0.0003677111441785985,1.0060129372257278,Anatomy / lesion,0.009272197051132894,False,1.0
Lesion location-Ostial,binary,Fisher exact,1.0,1.0,-0.0010875294171319393,0.9451092117758785,Anatomy / lesion,-0.0,False,1.0
Chronic total occlusion,binary,Fisher exact,1.0,1.0,-0.001676902557555037,0.9396518375241779,Anatomy / lesion,-0.0,False,1.0
Moderate/severe calcification,binary,Fisher exact,1.0,1.0,-0.002225286875729492,0.909556735399432,Anatomy / lesion,-0.0,False,1.0
Moderate/severe tortuosity,binary,Fisher exact,1.0,1.0,-0.0008825544218353463,0.9376047681132427,Anatomy / lesion,-0.0,False,1.0
TIMI-2,binary,Fisher exact,1.0,1.0,-0.002154299582818895,0.9231647014073793,Anatomy / lesion,-0.0,False,1.0
LV,continuous,Welch t-test,5.4383309460018465e-17,3.262998567601108e-16,1.1274130867030432,,Cardiac function,16.264534367243353,False,1.0876661892003693e-16
LVEF,continuous,Mann-Whitney U,0.03330140576588231,0.06660281153176462,-0.029340397778766677,,Cardiac function,1.4775374330558613,False,0.03330140576588231
Previous PCI,binary,Fisher exact,1.25052788367341e-05,0.00017820022342346093,0.0849734992375434,6.485469641930462,Comorbidities / history,4.902906620134608,False,0.000125052788367341
Diabetes,binary,Chi-square,0.002769502309228314,0.02255166166085913,0.04155470078687838,1.8892940006629102,Comorbidities / history,2.5575982683996967,False,0.01384751154614157
Stroke/TIA,binary,Chi-square,0.03301329283908383,0.12545051278851854,0.029607166622360095,1.9316076294277928,Comorbidities / history,1.4813111557508054,False,0.11004430946361277
Previous MI,binary,Chi-square,0.12778791286616617,0.3538081914108028,0.021149116737249122,1.66795529626766,Comorbidities / history,0.8935102230460128,False,0.31946978216541544
Chronic renal insufficiency,binary,Fisher exact,0.31467899090474816,0.686413976043714,0.011437305602621356,1.803225806451613,Comorbidities / history,0.5021322511722922,False,0.5419057705608269
Previous CABG,binary,Fisher exact,0.3251434623364961,0.686413976043714,0.012846281136686405,1.608116883116883,Comorbidities / history,0.48792497393265866,False,0.5419057705608269
Hypertension,binary,Chi-square,0.5666751649351782,0.9362315898529602,0.007956940884434693,1.1288298163880515,Comorbidities / history,0.24666582030001394,False,0.8095359499073975
History of peripheral vascualr disease,binary,Fisher exact,0.6698481728455976,1.0,0.004960335546321406,1.293798449612403,Comorbidities / history,0.1740236229222831,False,0.837310216056997
HL,binary,Chi-square,0.8036093917908292,1.0,-0.0034535365775895614,0.9447503101736973,Comorbidities / history,0.09495499629026713,False,0.8928993242120326
History of HF,binary,Fisher exact,1.0,1.0,-0.003924483073805917,0.8161316872427984,Comorbidities / history,-0.0,False,1.0
Men,binary,Chi-square,0.2680570836658024,0.6366355737062807,0.015381127270744047,1.3025699818477119,Demographics / lifestyle,0.5717727116383727,False,0.8352957718840125
Age,continuous,Welch t-test,0.4633458211201912,0.6177944281602549,0.08800855791292181,,Demographics / lifestyle,0.33409474949325235,False,0.8352957718840125
Current smoker,binary,Chi-square,0.6264718289130093,0.9651052499470684,0.006759053022342914,1.1095141700404858,Demographics / lifestyle,0.20309845351692735,False,0.8352957718840125
Current drinking,binary,Chi-square,0.868929809834284,1.0,-0.0022916957212260358,0.9514065634006978,Demographics / lifestyle,0.06101530345099162,False,0.868929809834284
WBC,continuous,Mann-Whitney U,7.902144282841582e-21,9.482573139409899e-20,0.12967930767190222,,Laboratory,20.102255044931734,False,1.2643430852546532e-19
eGFR,continuous,Welch t-test,4.6430610786181575e-20,3.714448862894526e-19,-0.712424119481934,,Laboratory,19.333195603231875,False,3.714448862894526e-19
CKD90,binary,Chi-square,6.550244235288351e-06,0.00012445464047047868,0.0626023331172395,2.6251162790697675,Laboratory,5.1837425064111935,False,3.4934635921537875e-05
CKD5,continuous,Mann-Whitney U,1.1864369030549834e-05,5.69489713466392e-05,0.03987655179751219,,Laboratory,4.925755353429529,False,4.7457476122199334e-05
HbA1c,continuous,Mann-Whitney U,0.0001975000249745339,0.0006771429427698305,0.05159651044989407,,Laboratory,3.7044328451195385,False,0.0006320000799185084
Fiberinogen,continuous,Mann-Whitney U,0.011910976196995151,0.028586342872788363,0.03492370058918193,,Laboratory,1.9240526432532017,False,0.03176260319198707
Fast-Glu,continuous,Mann-Whitney U,0.02458279422964183,0.053635187410127634,0.031218089547205577,,Laboratory,1.6093687540962667,False,0.05618924395346704
HGB,continuous,Welch t-test,0.038765041300497856,0.07156623009322681,0.1791981635572917,,Laboratory,1.4115597489943896,False,0.07753008260099571
CaI,continuous,Mann-Whitney U,0.050713641980663055,0.08693767196685095,-0.027134793102741774,,Laboratory,1.2948751996412513,False,0.09015758574340099
LDL,continuous,Mann-Whitney U,0.32742239625050396,0.49113359437575593,0.013598626352093364,,Laboratory,0.4848916174245518,False,0.5238758340008063
TCL,continuous,Welch t-test,0.3807222453766603,0.5374902287670498,0.1151105014746227,,Laboratory,0.41939174687336234,False,0.5537778114569604
CKD60,binary,Fisher exact,0.5548593229811211,0.9362315898529602,0.0070763263624839794,1.300475687103594,Laboratory,0.2558171123679717,False,0.6871239785277656
TG,continuous,Mann-Whitney U,0.5582882325538095,0.7052061884890225,0.008129019534933377,,Laboratory,0.2531415259930337,False,0.6871239785277656
Platelet,continuous,Mann-Whitney U,0.8159502280273638,0.9384122718203479,0.003232772340412607,,Laboratory,0.08833633187398374,False,0.8993117604945001
Cre,continuous,Mann-Whitney U,0.8785448928231391,0.9384122718203479,0.002122650517855825,,Laboratory,0.05623604155943618,False,0.8993117604945001
HDL,continuous,Welch t-test,0.8993117604945001,0.9384122718203479,-0.016633935956142622,,Laboratory,0.0460897271864851,False,0.8993117604945001
Clopidogrel,binary,Chi-square,0.002196624637642745,0.020867934057606077,-0.04252747824350305,0.5034575591216216,Medications (1y),2.6582441496011255,False,0.00878649855057098
Aspirin,binary,Chi-square,0.0117144605337541,0.05959447508162872,-0.035005388573315345,0.591561004622996,Medications (1y),1.9312777064360582,False,0.0234289210675082
DAPT,binary,Chi-square,0.22562445375589293,0.5591562549602564,-0.016827644734030117,0.7697174351808725,Medications (1y),0.6466138321899949,False,0.30083260500785725
Ticagrelor,binary,Fisher exact,1.0,1.0,-0.0068383471685162026,0.6108669108669109,Medications (1y),-0.0,False,1.0
Initial diagnosis-AMI,binary,Chi-square,0.054154679589692556,0.18157745509485151,0.02674182741748747,1.554119547657512,Presentation / ACS,1.2663640093586874,False,0.2707733979484628
NSTEMI,binary,Chi-square,0.13035038630924312,0.3538081914108028,0.021007996317175898,1.468792866941015,Presentation / ACS,0.8848876774091621,False,0.27948483798036605
UA,binary,Chi-square,0.16769090278821963,0.43447188449675084,-0.019160116882802017,0.7327598045155297,Presentation / ACS,0.775490497179496,False,0.27948483798036605
Cardiogenic shock,binary,Fisher exact,0.45396657979084043,0.8809834223277005,0.009955336219168815,1.5269662921348315,Presentation / ACS,0.34297611795052635,False,0.5674582247385506
STEMI,binary,Chi-square,0.7202760386801217,1.0,0.004972991181227142,1.0784084312061806,Presentation / ACS,0.14250103259536673,False,0.7202760386801217
1.1:1Post dilation,binary,Chi-square,1.2951772451909664e-10,3.691255148794254e-09,-0.08926551318755811,0.1867500821827745,Procedural / stent,9.887670794253763,False,1.036141796152773e-09
No postdilation,binary,Chi-square,1.2951772451909664e-10,3.691255148794254e-09,0.08926551318755811,5.354749986247868,Procedural / stent,9.887670794253763,False,1.036141796152773e-09
No.of stents per lesion,continuous,Mann-Whitney U,0.00014121979786497457,0.0005648791914598983,0.036543746501660396,,Procedural / stent,3.85010441446841,False,0.0007531722552798644
Total stent length,continuous,Mann-Whitney U,0.0011222634842722242,0.0029927026247259314,0.04506606633944246,,Procedural / stent,2.9499051677397756,False,0.004489053937088897
PES,binary,Chi-square,0.004421005519799075,0.031499664328568405,0.0395301768565735,2.157981153626499,Procedural / stent,2.354478942860065,False,0.01414721766335704
stent overlap,binary,Chi-square,0.012546205280342889,0.05959447508162872,0.034668838694049166,1.7701048951048952,Procedural / stent,1.9014876108373577,False,0.0334565474142477
ZES,binary,Chi-square,0.05391994141823923,0.18157745509485151,-0.026767962377462297,0.5127732527409977,Procedural / stent,1.2682505883152675,False,0.1232455803845468
EVS,binary,Chi-square,0.08754072119413052,0.26262216358239154,-0.023727094433756913,0.5151164739400034,Procedural / stent,1.0577898798231893,False,0.17508144238826104
Min-stent diameter,continuous,Welch t-test,0.10584011246770593,0.16934417994832948,-0.16456856523583713,,Procedural / stent,0.9753497073307772,False,0.1881601999425883
No reflow,binary,Fisher exact,0.5466257847383544,0.9362315898529602,0.0034924449782961497,1.290569895221058,Procedural / stent,0.2623098861715916,False,0.819573699195144
Thrombus aspiration,binary,Chi-square,0.5748790464009405,0.9362315898529602,-0.007789254842198161,0.8277392406951593,Procedural / stent,0.24042352053873164,False,0.819573699195144
Dissection,binary,Fisher exact,0.614680274396358,0.9651052499470684,0.0008655585864964842,1.0653000845308538,Procedural / stent,0.21135072352835207,False,0.819573699195144
Max-stent diameter,continuous,Welch t-test,0.8854726672269677,0.9384122718203479,-0.014059354240680031,,Procedural / stent,0.05282484007041694,False,1.0
Staged PCI,binary,Chi-square,0.927859712023575,1.0,0.0012573507159787994,1.0325848849945236,Procedural / stent,0.03251768207821727,False,1.0
Stent release pressure,continuous,Welch t-test,0.9486375470511298,0.9486375470511298,-0.006397420490150106,,Procedural / stent,0.02289968997888887,False,1.0
Slow flow,binary,Fisher exact,1.0,1.0,-0.002624124403153535,0.894260552687519,Procedural / stent,-0.0,False,1.0
Time since stent implantation,continuous,Mann-Whitney U,1.6979128236682988e-34,4.074990776803917e-33,-0.17011018843223838,,Time-at-risk (excluded from risk models),33.770084611601916,True,1.6979128236682988e-34
