threshold,precision,recall,f1,f2,fp,fn
0.01,0.14424635332252836,0.967391304347826,0.25105782792665726,0.4517766497461929,528,3
0.014949494949494949,0.17886178861788618,0.9565217391304348,0.3013698630136986,0.5116279069767442,404,4
0.0198989898989899,0.2194513715710723,0.9565217391304348,0.35699797160243407,0.5721716514954487,313,4
0.02484848484848485,0.25825825825825827,0.9347826086956522,0.4047058823529412,0.6134094151212554,247,6
0.029797979797979796,0.2857142857142857,0.9347826086956522,0.43765903307888043,0.6427503736920778,215,6
0.03474747474747475,0.3173431734317343,0.9347826086956522,0.4738292011019284,0.672926447574335,185,6
0.039696969696969696,0.35390946502057613,0.9347826086956522,0.5134328358208955,0.7037643207855974,157,6
0.04464646464646465,0.3788546255506608,0.9347826086956522,0.5391849529780565,0.7226890756302521,141,6
0.049595959595959596,0.39906103286384975,0.9239130434782609,0.5573770491803278,0.7314974182444062,128,7
0.05454545454545454,0.425,0.9239130434782609,0.5821917808219178,0.7482394366197183,115,7
0.059494949494949496,0.44502617801047123,0.9239130434782609,0.6007067137809188,0.7602862254025045,106,7
0.06444444444444444,0.4696132596685083,0.9239130434782609,0.6227106227106227,0.7741347905282332,96,7
0.06939393939393938,0.5,0.9239130434782609,0.648854961832061,0.7899628252788105,85,7
0.07434343434343434,0.5214723926380368,0.9239130434782609,0.6666666666666666,0.800376647834275,78,7
0.07929292929292929,0.535031847133758,0.9130434782608695,0.6746987951807228,0.8,73,8
0.08424242424242423,0.5526315789473685,0.9130434782608695,0.6885245901639344,0.8076923076923077,68,8
0.08919191919191918,0.5714285714285714,0.9130434782608695,0.702928870292887,0.8155339805825242,63,8
0.09414141414141414,0.5928571428571429,0.9021739130434783,0.7155172413793104,0.8169291338582677,57,9
0.09909090909090908,0.6148148148148148,0.9021739130434783,0.7312775330396476,0.8250497017892644,52,9
0.10404040404040403,0.6307692307692307,0.8913043478260869,0.7387387387387387,0.8232931726907631,48,10
0.10898989898989898,0.6220472440944882,0.8586956521739131,0.7214611872146118,0.797979797979798,48,13
0.11393939393939392,0.6220472440944882,0.8586956521739131,0.7214611872146118,0.797979797979798,48,13
0.11888888888888888,0.6422764227642277,0.8586956521739131,0.7348837209302326,0.8044806517311609,44,13
0.12383838383838383,0.65,0.8478260869565217,0.7358490566037735,0.7991803278688525,42,14
0.12878787878787878,0.652542372881356,0.8369565217391305,0.7333333333333333,0.7921810699588477,41,15
0.13373737373737374,0.6695652173913044,0.8369565217391305,0.7439613526570048,0.7971014492753623,38,15
0.1386868686868687,0.6875,0.8369565217391305,0.7549019607843137,0.8020833333333334,35,15
0.14363636363636365,0.6846846846846847,0.8260869565217391,0.7487684729064039,0.7933194154488518,35,16
0.1485858585858586,0.6909090909090909,0.8260869565217391,0.7524752475247525,0.7949790794979079,34,16
0.15353535353535352,0.6909090909090909,0.8260869565217391,0.7524752475247525,0.7949790794979079,34,16
0.15848484848484848,0.6972477064220184,0.8260869565217391,0.7562189054726368,0.7966457023060797,33,16
0.16343434343434343,0.7037037037037037,0.8260869565217391,0.76,0.7983193277310925,32,16
0.16838383838383839,0.7102803738317757,0.8260869565217391,0.7638190954773869,0.8,31,16
0.17333333333333334,0.7281553398058253,0.8152173913043478,0.7692307692307693,0.7961783439490446,28,17
0.1782828282828283,0.7352941176470589,0.8152173913043478,0.7731958762886598,0.7978723404255319,27,17
0.18323232323232325,0.75,0.8152173913043478,0.78125,0.8012820512820513,25,17
0.18818181818181817,0.7575757575757576,0.8152173913043478,0.7853403141361257,0.8029978586723768,24,17
0.19313131313131313,0.78125,0.8152173913043478,0.7978723404255319,0.8081896551724138,21,17
0.19808080808080808,0.7789473684210526,0.8043478260869565,0.7914438502673797,0.7991360691144709,21,18
0.20303030303030303,0.7849462365591398,0.7934782608695652,0.7891891891891892,0.7917570498915402,20,19
0.207979797979798,0.7802197802197802,0.7717391304347826,0.7759562841530054,0.7734204793028322,20,21
0.21292929292929294,0.7888888888888889,0.7717391304347826,0.7802197802197802,0.7751091703056768,19,21
0.21787878787878787,0.7840909090909091,0.75,0.7666666666666667,0.756578947368421,19,23
0.22282828282828282,0.7840909090909091,0.75,0.7666666666666667,0.756578947368421,19,23
0.22777777777777777,0.8023255813953488,0.75,0.7752808988764045,0.7599118942731278,17,23
0.23272727272727273,0.8023255813953488,0.75,0.7752808988764045,0.7599118942731278,17,23
0.23767676767676768,0.8095238095238095,0.7391304347826086,0.7727272727272727,0.7522123893805309,16,24
0.24262626262626263,0.8072289156626506,0.7282608695652174,0.7657142857142857,0.7427937915742794,16,25
0.24757575757575756,0.8170731707317073,0.7282608695652174,0.7701149425287356,0.7444444444444445,15,25
0.2525252525252525,0.8148148148148148,0.717391304347826,0.7630057803468208,0.734966592427617,15,26
0.25747474747474747,0.8148148148148148,0.717391304347826,0.7630057803468208,0.734966592427617,15,26
0.26242424242424245,0.810126582278481,0.6956521739130435,0.7485380116959064,0.7158836689038032,15,28
0.2673737373737374,0.8205128205128205,0.6956521739130435,0.7529411764705882,0.7174887892376681,14,28
0.2723232323232323,0.8205128205128205,0.6956521739130435,0.7529411764705882,0.7174887892376681,14,28
0.2772727272727273,0.8311688311688312,0.6956521739130435,0.757396449704142,0.7191011235955056,13,28
0.2822222222222222,0.8311688311688312,0.6956521739130435,0.757396449704142,0.7191011235955056,13,28
0.2871717171717172,0.84,0.6847826086956522,0.7544910179640718,0.7110609480812641,12,29
0.2921212121212121,0.8513513513513513,0.6847826086956522,0.7590361445783133,0.7126696832579186,11,29
0.29707070707070704,0.8493150684931506,0.6739130434782609,0.7515151515151515,0.7029478458049887,11,30
0.302020202020202,0.8493150684931506,0.6739130434782609,0.7515151515151515,0.7029478458049887,11,30
0.30696969696969695,0.8591549295774648,0.6630434782608695,0.7484662576687117,0.6947608200455581,10,31
0.31191919191919193,0.8571428571428571,0.6521739130434783,0.7407407407407407,0.684931506849315,10,32
0.31686868686868686,0.8571428571428571,0.6521739130434783,0.7407407407407407,0.684931506849315,10,32
0.32181818181818184,0.8695652173913043,0.6521739130434783,0.7453416149068323,0.6864988558352403,9,32
0.32676767676767676,0.8695652173913043,0.6521739130434783,0.7453416149068323,0.6864988558352403,9,32
0.3317171717171717,0.8823529411764706,0.6521739130434783,0.75,0.6880733944954128,8,32
0.33666666666666667,0.8823529411764706,0.6521739130434783,0.75,0.6880733944954128,8,32
0.3416161616161616,0.8823529411764706,0.6521739130434783,0.75,0.6880733944954128,8,32
0.3465656565656566,0.8823529411764706,0.6521739130434783,0.75,0.6880733944954128,8,32
0.3515151515151515,0.8805970149253731,0.6413043478260869,0.7421383647798742,0.6781609195402298,8,33
0.3564646464646465,0.8805970149253731,0.6413043478260869,0.7421383647798742,0.6781609195402298,8,33
0.3614141414141414,0.8805970149253731,0.6413043478260869,0.7421383647798742,0.6781609195402298,8,33
0.36636363636363634,0.8805970149253731,0.6413043478260869,0.7421383647798742,0.6781609195402298,8,33
0.3713131313131313,0.8939393939393939,0.6413043478260869,0.7468354430379747,0.6797235023041475,7,33
0.37626262626262624,0.8939393939393939,0.6413043478260869,0.7468354430379747,0.6797235023041475,7,33
0.3812121212121212,0.9206349206349206,0.6304347826086957,0.7483870967741936,0.6728538283062645,5,34
0.38616161616161615,0.9354838709677419,0.6304347826086957,0.7532467532467533,0.6744186046511628,4,34
0.3911111111111111,0.9354838709677419,0.6304347826086957,0.7532467532467533,0.6744186046511628,4,34
0.39606060606060606,0.9354838709677419,0.6304347826086957,0.7532467532467533,0.6744186046511628,4,34
0.401010101010101,0.9354838709677419,0.6304347826086957,0.7532467532467533,0.6744186046511628,4,34
0.40595959595959596,0.9354838709677419,0.6304347826086957,0.7532467532467533,0.6744186046511628,4,34
0.4109090909090909,0.9354838709677419,0.6304347826086957,0.7532467532467533,0.6744186046511628,4,34
0.41585858585858587,0.9354838709677419,0.6304347826086957,0.7532467532467533,0.6744186046511628,4,34
0.4208080808080808,0.9354838709677419,0.6304347826086957,0.7532467532467533,0.6744186046511628,4,34
0.4257575757575757,0.9354838709677419,0.6304347826086957,0.7532467532467533,0.6744186046511628,4,34
0.4307070707070707,0.9354838709677419,0.6304347826086957,0.7532467532467533,0.6744186046511628,4,34
0.43565656565656563,0.9354838709677419,0.6304347826086957,0.7532467532467533,0.6744186046511628,4,34
0.4406060606060606,0.9354838709677419,0.6304347826086957,0.7532467532467533,0.6744186046511628,4,34
0.44555555555555554,0.9344262295081968,0.6195652173913043,0.7450980392156863,0.6643356643356644,4,35
0.4505050505050505,0.9344262295081968,0.6195652173913043,0.7450980392156863,0.6643356643356644,4,35
0.45545454545454545,0.9344262295081968,0.6195652173913043,0.7450980392156863,0.6643356643356644,4,35
0.46040404040404037,0.9344262295081968,0.6195652173913043,0.7450980392156863,0.6643356643356644,4,35
0.46535353535353535,0.9344262295081968,0.6195652173913043,0.7450980392156863,0.6643356643356644,4,35
0.4703030303030303,0.9344262295081968,0.6195652173913043,0.7450980392156863,0.6643356643356644,4,35
0.47525252525252526,0.9344262295081968,0.6195652173913043,0.7450980392156863,0.6643356643356644,4,35
0.4802020202020202,0.9344262295081968,0.6195652173913043,0.7450980392156863,0.6643356643356644,4,35
0.4851515151515151,0.9344262295081968,0.6195652173913043,0.7450980392156863,0.6643356643356644,4,35
0.4901010101010101,0.9333333333333333,0.6086956521739131,0.7368421052631579,0.6542056074766355,4,36
0.495050505050505,0.9491525423728814,0.6086956521739131,0.7417218543046358,0.6557377049180327,3,36
0.5,0.9473684210526315,0.5869565217391305,0.7248322147651006,0.6352941176470588,3,38
0.5049494949494949,0.9473684210526315,0.5869565217391305,0.7248322147651006,0.6352941176470588,3,38
0.5098989898989899,0.9473684210526315,0.5869565217391305,0.7248322147651006,0.6352941176470588,3,38
0.5148484848484849,0.9454545454545454,0.5652173913043478,0.7074829931972789,0.6146572104018913,3,40
0.5197979797979798,0.9433962264150944,0.5434782608695652,0.6896551724137931,0.5938242280285035,3,42
0.5247474747474747,0.9433962264150944,0.5434782608695652,0.6896551724137931,0.5938242280285035,3,42
0.5296969696969697,0.9433962264150944,0.5434782608695652,0.6896551724137931,0.5938242280285035,3,42
0.5346464646464646,0.9433962264150944,0.5434782608695652,0.6896551724137931,0.5938242280285035,3,42
0.5395959595959596,0.9423076923076923,0.532608695652174,0.6805555555555556,0.5833333333333334,3,43
0.5445454545454546,0.9411764705882353,0.5217391304347826,0.6713286713286714,0.5727923627684964,3,44
0.5494949494949495,0.9583333333333334,0.5,0.6571428571428571,0.5528846153846154,2,46
0.5544444444444444,0.9583333333333334,0.5,0.6571428571428571,0.5528846153846154,2,46
0.5593939393939393,0.9583333333333334,0.5,0.6571428571428571,0.5528846153846154,2,46
0.5643434343434344,0.9583333333333334,0.5,0.6571428571428571,0.5528846153846154,2,46
0.5692929292929293,0.9583333333333334,0.5,0.6571428571428571,0.5528846153846154,2,46
0.5742424242424242,0.9583333333333334,0.5,0.6571428571428571,0.5528846153846154,2,46
0.5791919191919191,0.9574468085106383,0.4891304347826087,0.6474820143884892,0.5421686746987951,2,47
0.5841414141414141,0.9574468085106383,0.4891304347826087,0.6474820143884892,0.5421686746987951,2,47
0.5890909090909091,0.9574468085106383,0.4891304347826087,0.6474820143884892,0.5421686746987951,2,47
0.594040404040404,0.9565217391304348,0.4782608695652174,0.6376811594202898,0.5314009661835749,2,48
0.598989898989899,0.9555555555555556,0.4673913043478261,0.6277372262773723,0.5205811138014528,2,49
0.6039393939393939,0.9555555555555556,0.4673913043478261,0.6277372262773723,0.5205811138014528,2,49
0.6088888888888889,0.9555555555555556,0.4673913043478261,0.6277372262773723,0.5205811138014528,2,49
0.6138383838383838,0.9555555555555556,0.4673913043478261,0.6277372262773723,0.5205811138014528,2,49
0.6187878787878788,0.9555555555555556,0.4673913043478261,0.6277372262773723,0.5205811138014528,2,49
0.6237373737373737,0.9555555555555556,0.4673913043478261,0.6277372262773723,0.5205811138014528,2,49
0.6286868686868686,0.9545454545454546,0.45652173913043476,0.6176470588235294,0.5097087378640777,2,50
0.6336363636363637,0.9534883720930233,0.44565217391304346,0.6074074074074074,0.49878345498783455,2,51
0.6385858585858586,0.9534883720930233,0.44565217391304346,0.6074074074074074,0.49878345498783455,2,51
0.6435353535353535,0.9761904761904762,0.44565217391304346,0.6119402985074627,0.5,1,51
0.6484848484848484,0.9743589743589743,0.41304347826086957,0.5801526717557252,0.4668304668304668,1,54
0.6534343434343434,0.9743589743589743,0.41304347826086957,0.5801526717557252,0.4668304668304668,1,54
0.6583838383838384,0.9743589743589743,0.41304347826086957,0.5801526717557252,0.4668304668304668,1,54
0.6633333333333333,0.9743589743589743,0.41304347826086957,0.5801526717557252,0.4668304668304668,1,54
0.6682828282828283,0.9743589743589743,0.41304347826086957,0.5801526717557252,0.4668304668304668,1,54
0.6732323232323232,0.9736842105263158,0.40217391304347827,0.5692307692307692,0.45566502463054187,1,55
0.6781818181818181,0.9736842105263158,0.40217391304347827,0.5692307692307692,0.45566502463054187,1,55
0.6831313131313131,0.972972972972973,0.391304347826087,0.5581395348837209,0.4444444444444444,1,56
0.6880808080808081,0.972972972972973,0.391304347826087,0.5581395348837209,0.4444444444444444,1,56
0.693030303030303,1.0,0.3804347826086957,0.5511811023622047,0.43424317617866004,0,57
0.6979797979797979,1.0,0.3804347826086957,0.5511811023622047,0.43424317617866004,0,57
0.702929292929293,1.0,0.3804347826086957,0.5511811023622047,0.43424317617866004,0,57
0.7078787878787879,1.0,0.3804347826086957,0.5511811023622047,0.43424317617866004,0,57
0.7128282828282828,1.0,0.3695652173913043,0.5396825396825397,0.4228855721393035,0,58
0.7177777777777777,1.0,0.3695652173913043,0.5396825396825397,0.4228855721393035,0,58
0.7227272727272727,1.0,0.3695652173913043,0.5396825396825397,0.4228855721393035,0,58
0.7276767676767677,1.0,0.3695652173913043,0.5396825396825397,0.4228855721393035,0,58
0.7326262626262626,1.0,0.358695652173913,0.528,0.4114713216957606,0,59
0.7375757575757576,1.0,0.358695652173913,0.528,0.4114713216957606,0,59
0.7425252525252525,1.0,0.358695652173913,0.528,0.4114713216957606,0,59
0.7474747474747474,1.0,0.34782608695652173,0.5161290322580645,0.4,0,60
0.7524242424242424,1.0,0.34782608695652173,0.5161290322580645,0.4,0,60
0.7573737373737374,1.0,0.33695652173913043,0.5040650406504065,0.38847117794486213,0,61
0.7623232323232323,1.0,0.33695652173913043,0.5040650406504065,0.38847117794486213,0,61
0.7672727272727272,1.0,0.33695652173913043,0.5040650406504065,0.38847117794486213,0,61
0.7722222222222221,1.0,0.33695652173913043,0.5040650406504065,0.38847117794486213,0,61
0.7771717171717172,1.0,0.33695652173913043,0.5040650406504065,0.38847117794486213,0,61
0.7821212121212121,1.0,0.32608695652173914,0.4918032786885246,0.3768844221105528,0,62
0.787070707070707,1.0,0.32608695652173914,0.4918032786885246,0.3768844221105528,0,62
0.792020202020202,1.0,0.32608695652173914,0.4918032786885246,0.3768844221105528,0,62
0.796969696969697,1.0,0.32608695652173914,0.4918032786885246,0.3768844221105528,0,62
0.8019191919191919,1.0,0.32608695652173914,0.4918032786885246,0.3768844221105528,0,62
0.8068686868686868,1.0,0.31521739130434784,0.4793388429752066,0.36523929471032746,0,63
0.8118181818181818,1.0,0.31521739130434784,0.4793388429752066,0.36523929471032746,0,63
0.8167676767676767,1.0,0.2826086956521739,0.4406779661016949,0.3299492385786802,0,66
0.8217171717171717,1.0,0.2826086956521739,0.4406779661016949,0.3299492385786802,0,66
0.8266666666666667,1.0,0.2608695652173913,0.41379310344827586,0.30612244897959184,0,68
0.8316161616161616,1.0,0.25,0.4,0.29411764705882354,0,69
0.8365656565656565,1.0,0.25,0.4,0.29411764705882354,0,69
0.8415151515151514,1.0,0.25,0.4,0.29411764705882354,0,69
0.8464646464646465,1.0,0.25,0.4,0.29411764705882354,0,69
0.8514141414141414,1.0,0.2391304347826087,0.38596491228070173,0.28205128205128205,0,70
0.8563636363636363,1.0,0.21739130434782608,0.35714285714285715,0.25773195876288657,0,72
0.8613131313131313,1.0,0.20652173913043478,0.34234234234234234,0.2454780361757106,0,73
0.8662626262626262,1.0,0.18478260869565216,0.3119266055045872,0.22077922077922077,0,75
0.8712121212121212,1.0,0.18478260869565216,0.3119266055045872,0.22077922077922077,0,75
0.8761616161616161,1.0,0.17391304347826086,0.2962962962962963,0.20833333333333334,0,76
0.8811111111111111,1.0,0.17391304347826086,0.2962962962962963,0.20833333333333334,0,76
0.886060606060606,1.0,0.17391304347826086,0.2962962962962963,0.20833333333333334,0,76
0.891010101010101,1.0,0.15217391304347827,0.2641509433962264,0.18324607329842932,0,78
0.895959595959596,1.0,0.15217391304347827,0.2641509433962264,0.18324607329842932,0,78
0.9009090909090909,1.0,0.14130434782608695,0.24761904761904763,0.17060367454068243,0,79
0.9058585858585858,1.0,0.13043478260869565,0.23076923076923078,0.15789473684210525,0,80
0.9108080808080807,1.0,0.09782608695652174,0.1782178217821782,0.11936339522546419,0,83
0.9157575757575758,1.0,0.09782608695652174,0.1782178217821782,0.11936339522546419,0,83
0.9207070707070707,1.0,0.07608695652173914,0.1414141414141414,0.09333333333333334,0,85
0.9256565656565656,1.0,0.07608695652173914,0.1414141414141414,0.09333333333333334,0,85
0.9306060606060605,1.0,0.07608695652173914,0.1414141414141414,0.09333333333333334,0,85
0.9355555555555555,1.0,0.06521739130434782,0.12244897959183673,0.08021390374331551,0,86
0.9405050505050505,1.0,0.05434782608695652,0.10309278350515463,0.06702412868632708,0,87
0.9454545454545454,1.0,0.03260869565217391,0.06315789473684211,0.04043126684636118,0,89
0.9504040404040404,1.0,0.021739130434782608,0.0425531914893617,0.02702702702702703,0,90
0.9553535353535353,1.0,0.021739130434782608,0.0425531914893617,0.02702702702702703,0,90
0.9603030303030302,1.0,0.021739130434782608,0.0425531914893617,0.02702702702702703,0,90
0.9652525252525253,1.0,0.010869565217391304,0.021505376344086023,0.013550135501355014,0,91
0.9702020202020202,1.0,0.010869565217391304,0.021505376344086023,0.013550135501355014,0,91
0.9751515151515151,1.0,0.010869565217391304,0.021505376344086023,0.013550135501355014,0,91
0.98010101010101,0.0,0.0,0.0,0.0,0,92
0.9850505050505051,0.0,0.0,0.0,0.0,0,92
0.99,0.0,0.0,0.0,0.0,0,92
